{
    "Random Forest": {
        "accuracy": 0.9786956084815597,
        "precision": 0.9502239223735771,
        "recall": 0.9415272256633077,
        "f1_score": 0.9458555839331321,
        "roc_auc": 0.9959093172338382
    },
    "KNN": {
        "accuracy": 0.9769598304418925,
        "precision": 0.9636584182435711,
        "recall": 0.9180456688545807,
        "f1_score": 0.9402992140895748,
        "roc_auc": 0.9829205551705579
    }
}