{
    "Random Forest": {
        "accuracy": 0.9783423159909361,
        "precision": 0.9479157038543303,
        "recall": 0.9416058394160584,
        "f1_score": 0.9447502360608921,
        "roc_auc": 0.995845970070839
    },
    "KNN": {
        "accuracy": 0.9760492556581715,
        "precision": 0.9615421733256129,
        "recall": 0.9147959417894689,
        "f1_score": 0.9375867504175783,
        "roc_auc": 0.983889706266459
    }
}